line,asin,pred,title,text
1,B00IX1I3G6,POSITIVE,Great gift,Having Amazon money is always good.
2,B005ESMMWW,POSITIVE,amazon gift card,Always the perfect gift. I have never given one and had someone seem or act disappointed. Just the opposite. They are thrilled and excited to have a bit of a spree. Always the perfect size and color! Arrives in 1 day in most cases. So it's never too late! Lots of cards to chose from... thank you... birthday... wedding..baby.. and many that work for many occasions...
3,B01K8RIM5Y,POSITIVE,perfect gift,When you have a person who is hard to shop for.. an amazon gift card is P E R F E C T. Man or woman... No matter what their hobby... lifestyle.. or age. All you have to do is pick the $. Don't forget to mention that it is a GIFT when you check out - you will have some gift card options. I've ordered many of these over years. They are always received with glee. Woo hoo! If you're looking for a great fit for me - this is just my size! :) Best to all!
4,B0091JKVU0,POSITIVE,Nice looking,"The tin is a nice touch and pretty large. It's about 4"" in diameter and about 1/2"" thick. I added a pretty red ribbon and it is perfect. Who doesn't love shopping on Amazon? Arrived quickly, I have Prime... but I think they ship the gift cards out SUPER fast... like over night. In case you need it for a FAST gift."
5,B00FTGTM5E,NEGATIVE,Not $10 Gift Cards,"I bought this pack of Starbucks Gift cards in 2019. Ive given them to friends and I gave 2 to my daughter. My daughter used one recently and it had $6.52 on the card not $10.00. She had the cashier check the balance of the other card and it had $5.32 on it! She had forgotten that she had these gift cards, so yes, 2 years later decided to use the when she found them! Do they decline in value? And then both had random amounts on them! I'm embarrassed now to have given them as gifts! Friends receiving the gift card aren't going to tell you that weren't able to cover their order with the card you gave them!!!"
6,B072L7GTF5,POSITIVE,Cute!,That snowman tin is adorable
7,B00IX1I3G6,POSITIVE,Easy gift,Great and easy gift
8,B072P5VV4D,POSITIVE,Great gift,Super cute nice quality tin Your choose amount
9,B072P5VV4D,POSITIVE,Gifts for my two granddaughters,They love it !!
10,B071NM2PNL,POSITIVE,"Great for saying “thank you” to the mail person, farrier, yard man,etc",So many people Make your life better so remember them!
11,B01GKWEH64,POSITIVE,"Convenient, safe, and perfect gift","My grandson inlaw loves his gift cards, so it's the perfect gift for Christmas"
12,B084RMVP59,POSITIVE,Giftcard,"What can you say about a gift card? Well, it was valid. It's a good gift for someone who doesn't like to cook. Arrived promptly."
13,B07HJHK8Y5,POSITIVE,Simple giftcard!,Easy way to gift money for birthdays.
14,B0866T1TQJ,POSITIVE,Great giftcard,Great gift for online shoppers!
15,B00IX1I3G6,POSITIVE,Easy..,Reloading is easy. Shopping is easy. Amazon is easy.
16,B00X6G8WCI,NEGATIVE,One Star,Card did not work!!!!
17,B01K8RMDO0,POSITIVE,Great Product.,I bought this for a Christmas gift.The recipient really liked it.
18,B01IE42ST4,NEGATIVE,No note attached to sent gift card,"What a pretty gift card presentation , the recipient loved it ! I have one complaint , I took the time and wrote a short note to the recipient of the gift card so she knew who and why the GC was being sent but the note wasn’t attached. I’ve used the option to write a note on many occasions and several times it showed up without the note . I actually had to contact her to ask if she had checked her mail knowing it had arrived ."
19,B06W5SBSL7,POSITIVE,Gift card,Perfect! Arrived just when stated!
20,B078VSWVGY,POSITIVE,Good,Good gift card
21,B072F9T6VX,POSITIVE,Good Product,Good Product
22,B01C9MW8Z6,POSITIVE,Good Product,Good Product
23,B072BQ7XSH,POSITIVE,Good Product,Good Product
24,B01IE42ST4,POSITIVE,Good Product,Good Product
25,B07HJD9FVV,POSITIVE,Good Product,Good Product
26,B07HJHK8Y5,POSITIVE,Good product,Good product
27,B00BXLWD0U,POSITIVE,Good product,Good product
28,B01MSBQB1P,POSITIVE,Good Product,Good Product
29,B01K8RMDO0,POSITIVE,Good Product,Good Product
30,B07PFLG7VG,POSITIVE,Good,Good
31,B07FK7L976,POSITIVE,Gift card,Perfect for Christmas
32,B00IX1I3G6,POSITIVE,So easy,Easy to do
33,B00IX1I3G6,NEGATIVE,Mistake,Hit button by mistake n deduction from credit card on file
34,B01K8RL9C2,POSITIVE,Great gift idea,Always great to order from my home. Amazon rocks!
35,B01K8RL9C2,POSITIVE,Secure,So easy to use and recipients get to choose how to use it.
36,B01C9MW8Z6,POSITIVE,Birthday surprise!,This was a good birthday surprise!
37,B077T9WSSN,POSITIVE,Birthday Gift,"Have given as Holiday, Birthday & Other Occasions remembrances. Always appreciated by the person receiving."
38,B01MSBQB1P,POSITIVE,Fun,Awesome & they work
39,B00IX1I3G6,POSITIVE,Reload is super easy.,Really ready to reload gift cards.
40,B071NM2PNL,POSITIVE,Convenience of giftabiliy.,A great way to give a gift to family members in physical form. It was so convenient.
41,B014S24J16,POSITIVE,Great Gift Package,Nice gift packaging for any event
42,B00CIECDEM,POSITIVE,Grest Sandwitches !!,Perfect and I even used Amazon Points - was mailed right out.
43,B00HLAO738,POSITIVE,GOOD PIZZA !!,Perfect and I even used Amazon Points - was mailed right out.
44,B015726JLY,POSITIVE,We like this Store and they stock Tons of different Items for all kinds of Pets,Our cats love this place.
45,B076CV42TK,POSITIVE,Money was loaded on card,Was cute and the money was loaded when it arrived
46,B07HJHK8Y5,POSITIVE,👍,👍
47,B086KKT3RX,POSITIVE,Love it!!,This is an online gift card nothing to show sorry🤪
48,B0091JKY0M,POSITIVE,Five Stars,Gift cards are always a hit.
49,B072P5VV4D,POSITIVE,So cool you can get a free tin with the gift ...,So cool you can get a free tin with the gift card and it comes in 24 hours!! Super awesome. Last year I just printed off the gift cards which looked kind of cheap even though the cards were for substantial amounts. Highly recommend.
50,B00IX1I3G6,POSITIVE,Reccomend,Really easy to load
51,B0091JKYLQ,POSITIVE,Little sister surprise,"Same gift as her big sister's, this little one can choose the exact thing she most desires and run to the door for three days in anticipation. A combined birthday and Christmas present for one who knows her own mind. Good choice!"
52,B00IX1I3G6,NEGATIVE,"The added value was great, but no more",Purchasing an Amazon gift card came with an added monetary value but no more. A Bronx cheer for you!
53,B07Q8KN5TJ,POSITIVE,Perfect gift!,This is near where I work and has a drive through. Nothing better during these times to give than a gift of good food they can pick up with minimal contact. Gift cards are the way to go these days!
54,B07Y5YJK66,POSITIVE,Great staff appreciation gift!,What better gift during these times than one to treat yourself. This is a great gift I gave out to my staff and even those who don't read liked the idea of being able to listen to the audiobooks as well as there being content and other media through Audible.
55,B01C9MW8Z6,POSITIVE,Cute cute cute!,I love the tin! The gift cards can be ordered on different amounts.
56,B00IX1I3G6,POSITIVE,Five Stars,Simple and easy.
57,B086KKT3RX,POSITIVE,As described.,Being able to reload the gift card is a time saver.
58,B01MDLOM4V,POSITIVE,Perfect gift for any occasion. Let them pick out what they love!,"I mean really, who wouldn't LOVE this?!? Wonderful gift for any occasion."
59,B005ESMHN6,POSITIVE,12 year old daughter loved this gift!,Perfect gift for your kids!
60,B00IX1I3G6,POSITIVE,Easy to send to an Amazon shopper,This is a simple gift to friends or family. For me it was easy to setup. Took ok only about 30 seconds. I also redeem Visa gifts by giving the gift card to myself. I like there isnt a fee. I do want Amazon to make some cooler cards with my animation when a receiver gets it.
61,B00IX1I3G6,POSITIVE,Rec'd promo from Amazon when reloading gift card.,"Bonus, rec'd a promo from Amazon for reloading gift card. Yeah. Gift card was posted to my account quickly."
62,B00IX1I3G6,POSITIVE,Saves a Little Over time.,Nice way to save a few bucks overtime by reloading your own gift card.
63,B005ESMF5G,POSITIVE,What a great company,"Who wouldn't want an Amazon gift card? The box foretold the contents, lol."
64,B07RN957Q8,NEGATIVE,A problem to use at drive thru's,"I only used the $50 card one time at Burger King. It was difficult to use. Must be run as credit, not as gift card. No remaining balance is given at the end of the transaction. And although it's on me, I misplaced or lost this card after only spending about $6 of it. I was hoping that the seller could provide me with the full card number so that I could at least use it online for other purchases. They failed to respond. I have the receipt from BK, but it only shows the last 4 numbers. There isn't a way of contacting happy cards customer service online that I could figure out. I wish I'd just stuck with credit cards. A lot safer."
65,B00IX1I3G6,POSITIVE,A gift card does make a great gift for a tweenager.,"We all know the kid who wants nothing. Or actually wants everything but nothing is good enough. YES,YES,the secret weapon. A AMAZON GIFT CARD!! You pulled it off. You showed your love and you are the best and greatest. Happy Birthday to just because,You are the BEST!!"
66,B00IX1I3G6,POSITIVE,Nice to have,"This comes in very handy, and makes the guilt less"
67,B071NM2PNL,POSITIVE,Excellent Gift,"Who would not like an Amazon Gift Card? Makes everyone I give them, happy!"
68,B00IX1I3G6,POSITIVE,Yay so easy!,So easy! No scraping!
69,B086KKT3RX,POSITIVE,:),easy to use
70,B00IX1I3G6,POSITIVE,10/10,works great
71,B06ZY43PDR,POSITIVE,Perfect for a birthday 🎂,Another nice gift box from Amazon. With the world the way it is now I had to send a gift rather than going to a party. And Amazon has a good selection of gift boxes and fast shipping so my nephew was happy when he received the card in the mail.
72,B07FKKBFHS,POSITIVE,Perfect!,Bought this for a gift and was very happy it shipped quickly and they received it just in time! Amazon is awesome! 🤩
73,B01K8RIM5Y,POSITIVE,Gift box nice!,Love the gift box. So much j NB icee than just handing a gift card to the grandkids.
74,B086KKT3RX,POSITIVE,It was soooo easy,It was a nice way to give a present
75,B005ESMGZU,POSITIVE,great,great buy
76,B00IT0NO10,POSITIVE,Amazon Thinks of Everything!,GREAT idea! I was so happy to have these on hand for the Holidays!
77,B0866QM41K,POSITIVE,Amazon lover giftee? Buy it!,So gift card for certain sum. No service fee. Lively metal gift box - yes..... I said metal. What is not to love about this???! Well done Amazon. Well done.
78,B00IX1I3G6,POSITIVE,Timing,Great timing.
79,B086KKT3RX,POSITIVE,Was easy to do,Easy to use
80,B07FKK8SFR,POSITIVE,PENGUINS,So so cute!
81,B0866QM41K,POSITIVE,Believe this is the best gift to give !,The recipient can choose what they want so the giver has less chance of a mistake.
82,B01MSBQB1P,POSITIVE,convenient,A great and convenient gift idea-price is right too!
83,B005ESMM04,POSITIVE,Five Stars,The gift card came in a pretty box. Thanks Amozan.
84,B07641P3WL,POSITIVE,Best gift for someone you don’t know what to get,This was for a gift
85,B07674CBVT,POSITIVE,Great value,Made my shopping much better good value
86,B07DDC8FJM,POSITIVE,Sweet gift!,I sent this to my brother and he couldn't stop talking about it. This boxes puts a little more nice into a gift. Very pretty!
87,B07HJD9FVV,POSITIVE,Amazing,It can be used for a variety of things.
88,B07FK7L976,POSITIVE,Great Holder,Great holder for gift cards
89,B07HJHK8Y5,POSITIVE,Gift card,Makes these so easy for any holiday and especially stops buying something people do not like
90,B076ZTSX5V,POSITIVE,Starbuck gift card,My friend like the gift card like the sweater for holiday card
91,B00FTGTM5E,POSITIVE,Good litte thank-you gifts,"I'm happy they did not cost me more than their face value to buy. I gave them out as a nice thank you to those who helped me with small things around my house. I sent them in the mail as a surprise, knowing money or gifts was not necessary. I recommend them."
92,B07GH6WX29,NEGATIVE,Okay as a gift,"After I bought several I realized I could have sent ""gift"" money via text without the fees or wait."
93,B07FMJVVKW,POSITIVE,Good gift,"Those who already have everything, they can buy an audible book, an old rerun of a favorite movie, some little thing they may want, or whatever as a gift for any occasion. I recommend."
94,B07HJHK8Y5,POSITIVE,So convenient.,"Arrived on time, in perfect shape, and best of all the person receiving the gift can buy whatever they want. One size fits all!"
95,B00IX1I3G6,POSITIVE,Just what was ordered.,Made holiday shopping easy!
96,B086KKT3RX,POSITIVE,Can Do It From Home,Usually I either receive an Amazon gift card as a birthday and/or Christmas gift or I purchase them at a store. Then it's very easy to add the amount to my gift card balance using my cell phone. Well I was stuck inside for several days due to a blizzard and I bought quite a few books then due to a travel ban I could not go to the store to purchase a gift card. So after checking my Gift Card Balance I saw that I had overindulged and it needed to be topped up. One of the options under Manage Your Balance was to Reload Your Balance. I had never used this option but decided to try it. It was so easy to do and I didn't have to leave the comfort of my home. I will be using it again in the future.
97,B00IX1I3G6,POSITIVE,Love it!,Love my card!!
98,B086KKT3RX,POSITIVE,Easy to use,It’s easy to use and very convenient. I would definitely consider refill more in the future
99,B00IX1I3G6,POSITIVE,Easy to use,Very easy to use. I wish I knew about it earlier
100,B01K8RJDEI,POSITIVE,Perfect gift sent I a lovely container,Sent in a lovely container
