line,sentiment,emotion,title,text
91704,NEGATIVE,sadness,Not Happy,"Disappointed. One gift card box is opened, box is damaged, and I am checking to determine if gift card has any value. Is there any quality control review process?"
150631,NEGATIVE,anger,"Received card, would not work","Ordered this card to save for a later date for the family. Card gave read error at our Arby’s. Swiped, scanned and entered the card number and nothing worked. Came home and it seems the card is either inactive or it was used somehow and deactivated. Definitely not happy as this card should have been activated when received as we used Amazon cash to purchase gift cards"
119603,POSITIVE,trust,solution solved,"How can you go wrong with an Amazon gift card? Dah? It like Google, an answer for everything"
99174,POSITIVE,trust,Five Stars,Easy usage.
52994,NEGATIVE,disgust,"Scratched all over, still valid though","Card came almost detached, with scratches ALL over the entire card. Not happy with the overall appearance as this is a gift to someone and it doesnt look to good giving a card that is scratched up."
150090,NEGATIVE,anger,Uploading $600 using my credit card to my account requires verification I wasn’t aware about.,"Sent a $600 gift card to my account to be made for future purchases using my credit card. The transaction on the surface appeared seamless, received an automated email thanking me and informing me that I should see the new/updated account balance within five minutes. That didn’t happen, instead about an hr later I get a call from a Seattle Washington number. Not knowing who it was, but suspecting it may be Amazon I just let my phone buzz. I really do not like answering my phone when I don’t know who or what is on the other end. Anyway I was left a message that was all but beyond recognizable, the only word I understood was “amazon”. Tried calling back, but of course amazon uses a random phone number generator, so all I get is an automated response telling me the number I dialed isn’t found to be in service. I then try to find someone to contact (is it just me that has a little trouble finding amazon’s CSR information on this site?) after going through a couple of page levels I find the necessary steps that are needed to have someone directly contact me. I enter my phone number so someone can call me. I have a tendency to ramble on when it comes to writing/typing a complaint but a bit briefer when talking to an actual human being. I get another Seattle WA call, this time I answer it straightaway. The person on the other line named “Jeena” sounds friendly enough, but I get a quickly growing suspicion she has an amazon CSR help manual/script along with an Hindi-to-English dictionary in front of her as she is speaking to me. I explain to her everything that had transpired thus far. She expresses her concern but does little to alleviate them or to ameliorate my current situation. Through several distractions on the other end I can barely make heads or tails on what Jeena is trying to convey to me and need to ask several times for clarification. What I gathered from the conversation was the following, that I should see my account updated with the $600 within 12hrs. She also suggested that I try loading an additional smaller amount, like $100 to my account to se if it goes through. I explained that I didn’t feel comfortable sending more currency over into my account when I had the amount that I already sent having not yet gone through. She more or less shared my concerns, but whether or not she was just being sincere or simply parroting is anyone’s guess. I’m going for the latter. Anyway the conversation lasted longer than I would have liked, ended with me getting her name and a promise to have her call me back. That has yet to happen, I’m afraid that my amazon CSR like basically every lady I’ve met has stood me up, lol. So as of 3/12/2019 I haven’t had any updates, with the minor exception of an email from Jeena promising to call me to follow up on seeing whether or not my account reflects the necessary changes. This has been and still is being an aggravating experience. Their is nothing that I could find in the riveting-edge-of-your-seat-easy-to-follow-totally-not-a-boilerplated-lopsided read of their ToS or policies regarding the limit or ammount you could transfer before they get suspicious. I see no reason why, my credit card that I have saved on my own account for quick transactions should have amazon not allowing this to go through. UPDATE: while in the middle of writing this review Jeena called me back. Nothing has yet to be resolved. With a frustrating mixture of trying to calmly as possible voice my frustration while at the same time knowing just how frustrated this has made me I went through basically the same talk I had about 24hrs ago. She explained to me for security reasons that I needed to be verified, though explains nothing of what such a process entails. After explaining to her for the umptieth time that verification isn’t an issue of some arbitrary allotted amount of time but simply of verification I am all but exhausted in this endeavor. I half-jokingly explained after she explained to me Amazon’s reasoning behind this. In the past people hacked into other people accounts to I guess upload gift card amounts then claim said amount was stolen or sent to the wrong account. So basically what I said was “Let me try to understand this. What you’re telling me Jeena is that amazon sees that I sent a $600 amazon gift card using my credit card to my own account, an account I’ve had with the same email address since 2011, and wants to know that I’m actually ‘me’ and not simply pretending to be ‘me’? And in order to verify ‘me’ from ‘me’ some arbitrary amount of time needs to be allotted that somehow gives them the correct answer to my alleged self-identity theft?” Confused? I sure am! Amazon needs to update their policies by giving them crystal clear clarity on the amount you can transfer before they get suspicious. Also the point is ultimately moot, since as I explained to Jeena I could have uploaded the entire amount in increments within 2hrs without amazon freezing my account. Suspiciously high amount of transactions in their (Amazon’s) mind should be no different than smaller ones when it comes to fraudulence. It should be the onus of the customer to contact amazon regarding fraudulent or suspicious activity regarding their own accounts. We should have enough agency & responsibility when it comes to managing our own accounts. I don’t need amazon not telling me how much I can spend, then telling me the amount I transacted using my own card for my own account has enter the level of possible fraudulence. As if there is some actual capstone or touchstone when it comes to when a transaction becomes suspicious or suspected of fraudulence! This has been so far a highly disappointing ordeal:("
148034,NEGATIVE,sadness,"Nothing wrong with the Gift card, but not happy with the service","I brought the gift card for my niece's birthday in USA from Australia. I would thought it wouldn't be that difficult to write the address and the person who ordered the card. No, there was no mention of it. She was very puzzled as who was the sender. I am very disappointed."
28362,POSITIVE,joy,"Nice, easy, ""no wrap"" gift.",Love that the box is basically free! Made a pretty gift presentation with the 3D cutouts!
132806,NEGATIVE,sadness,Came damaged,Mines came damaged they ripped opened the back to activate my card can't return it was a present for my gf for Christmas she loves penguins
82311,POSITIVE,trust,Great buy,Sent on time
60682,NEUTRAL,surprise,Missing message,"The gift card was delivered the next day, as promised. But I'm glad I had it sent to me instead of to the birthday boy, because the message and the ""to-from"" which was supposed to be written on the card, was missing. It was just blank. I've ordered gift cards before and the messages were printed on the card as instructed. I don't know what happened here."
54313,NEUTRAL,neutral,Just the first time,Not sure about this did not see any change to my % return.
148302,POSITIVE,surprise,Oh boy!,Good stuff.
98512,POSITIVE,joy,Love it,Love it
138717,NEUTRAL,neutral,Amazon.com Gift Card- $25 (Christmas Tree design),"The design was cute but the paper ""felt and looked cheap."" Not ""a good looking gift card."" It didn't really bother me too much as I bought 3 of them and the kids don't care what the gift card looks like."
100715,POSITIVE,trust,Easy to redeem using any card,"I used this service due to the fact that I received a one-time use Mastercard, and not an Amazon giftcard. I was able to quickly pull my Mastercard funds, and input the money into my Amazon account in less than 10 minutes"
109960,NEUTRAL,neutral,Just a method of payment,"You are kidding me to ask to rate pre-paying a gift card! Right???? This is not a product or service, just a method of payment. What exactly am I to rate?"
69042,NEGATIVE,sadness,Nobody really cares.,"What do you want me to say? The additional 2% bonus on a reload is cool, but 5% savings would be so much better on the credit card. I doubt this review will be read by anyone, but I kind of feel discriminated against & I don't make much money because of my disability, I keep getting denied."
18305,POSITIVE,joy,Great product,Great gift
106454,NEGATIVE,anger,gift card showing a zero balance not the $50 amount ordered and paid for it,gift card showing a zero balance not the $50 amount ordered and paid for it
25423,NEGATIVE,anger,No Note,"This has happened a few times. I send the gift card and include a note, a feature offered by Amazon. BUT the note is not included, so the recipient is just confused. Why offer that feature if you don't plan to include it?"
57455,NEUTRAL,neutral,She enjoyed .,It was a little mix up. But it worked out.
127098,NEGATIVE,anger,Cannot use it!,I have now tried on two separate occasions to use this card and while there is a FULL $200 balance it has been rejected. What is the point? It is should be easier and more secure to give and use a VISA gift card than cash. Just skip the fee and give them cash. It is still excepted everywhere unlike this VISA gift card. DO NOT BOTHER BUYING. NOT WORTH THE SERVICE FEE.
24164,NEGATIVE,disgust,Lots of glitter,Didn’t realize the polka dots had black glitter. Gets glitter everywhere.
81074,POSITIVE,joy,Five Stars,Great.
144141,POSITIVE,trust,very easy to do,Made it very easy to ensure my gift card balance remains active so i can top up easily at any time
97239,POSITIVE,trust,IT TOOK A FEW MINUTES TO FIGURE OUT ITS NOT ...,IT TOOK A FEW MINUTES TO FIGURE OUT ITS NOT HARD TO DO ONCE YOU UNDER STAND HOW TO DO IT. I WILL USE IT FOR ALL VIRTUAL VISA I RECEIVE.
29708,POSITIVE,surprise,Sanata brings a gift card,Cute and great way to surprise the recioirnt
41584,NEGATIVE,anger,Unless you want to look like an idiot and give a gift card that has $0 on it,"Unless you want to look like an idiot and give a gift card that has $0 on it, go ahead. The amazon gift card customer service are idiots. First i order a gift card, it gets lost in the mail, amazon sends me a second, too bad that it never left the building it was stated as ""Shipment has left seller facility and is in transit to carrier"". They say they will refund my money, they never did. I order a third gift card just to make sure i have one just in time for christmas. Well the idiots messed it up there, and refunded the third gift card without my consent! WTF!!!! Now i look like an idiot giving a gift card with a zero amount. DO YOURSELF A FAVOR AND GET A PRINTABLE ONE!!! So there is no idiot to mess it up, it may not look as nice as the card, but it wont be messed up. Id rate this a zero if i could, wasting over an hour+ on the phone."
109331,POSITIVE,trust,Baby gift card,The convienice of the gift
26431,NEUTRAL,neutral,Google how to use it before buying,"A great gift, although it is a bit weird to use - so not intuitive to use the first time. For example, you have to load it through the iTunes app and not the Apple website. You have to look at either the iPhone AppStore account or iTunes store to see the balance (a bit subtle, so you have to know where to look)."
127343,NEUTRAL,neutral,it was not that great a deal,"We eat out at Applebee's fairly often, so when I saw this as a special deal, I purchased it to be a stocking stuffer for my husband for Christmas. When I looked at my statement, the fees were more than I'd expected. So, really, it was not that great a deal."
30640,NEGATIVE,disgust,Delivered quickly poorly printed,Quick delivery but the accompanying card is very cheap and my printed card lines all through the message.. not good
34236,NEGATIVE,anger,Never again. Messy presentation.,Who puts these together?! I ordered several of these for teacher gifts and every one is them came crooked and thrown together. Come on Amazon.
134584,NEGATIVE,surprise,Cannot be used for AMAZON MUSIC?!?,"I use Amazon all the time and 75% my Christmas shopping was done this year through Amazon. I also love the Amazon Music service, but can't bring myself to pay the $7.99/month for premium. So my wonderful husband bought me an Amazon gift card for $86 to cover a full year of Amazon Music for me! I was so excited, until I found out that you can't use an AMAZON gift card to pay for AMAZON MUSIC?!?!? How does that make any sense? I am very disappointed with Amazon and will be re-evaluating renewing my Amazon Prime next month."
92801,NEUTRAL,neutral,Huge Selection,dsf
12031,NEGATIVE,neutral,One Star,seems pointless
97949,POSITIVE,trust,Cannot Rate These,These are gift cards. They work just fine. We give them to employees for Staff Appreciation Week. Easy to use when ordering products.
140572,POSITIVE,joy,Five Stars,nice
26806,POSITIVE,neutral,convience,the convience
420,POSITIVE,neutral,What I get what I want,Like
35156,POSITIVE,joy,Convenient,Love the fact that the whole year of Spotify can be for at one time. Thank you!
23295,NEGATIVE,anger,non-redeemable gift card,Tried to use...redeem a gift card that I had ordered & didn't need as a gift. Amazon will NOT allow me to redeem a gift card that I PURCHASED. Now I wonder if ANY of the gift cards have been redeem because no one would want to admit to me that my gift was WORTHLESS. BAD BAD AMAZON.
123200,NEGATIVE,sadness,Amazon GC reload,"I have bought Amazon G.C. credit to add to my Prime account s few times over the years. Disappointing there is NEVER a deal or % off to be found no matter the $ amount, quantity or if you are a Prime member."
16799,POSITIVE,joy,Five Stars,Excellent !!!
67427,NEGATIVE,anger,Label your stuff,I was annoyed at the fact that I ordered two gift cards with two different amounts and neither of the gift cards at labeled with the amount. Now I have to call and find out how much is on each card before handing the out for chrismas
64100,POSITIVE,trust,Amazon Continues To Add Perks!,The reload to my Amazon gift card was seamless! A nice perk with the $10 credit for the reload.
149560,NEGATIVE,anger,Major problem opening Amazon account,"The system repeatedly did not recognize a credit card I frequently use and am absolutely sure all the details provided were correct. In the end after much hassle and several emails I was successful in opening another Amazon a/c using a different credit card. Even then there was delay before the charge (less than $100) for a gift card purchase was approved. To reply to your request for a review today I had to have an authentification code sent to my email address in order to access my account. I hope I have no further problems accessing the Amazon a/c or making purchases! If you are showing another additional Amazon account for me in addition to the one I have currently accessed, I would be grateful if you would cancel it. I would appreciate an acknowledgment from you of this review. Thanks! Keith Armes"
138222,NEGATIVE,disgust,Missing Portion,"It was supposed to include a gift card holder, that was ripped off the back."
21830,NEUTRAL,neutral,missing,Sorry i found the caed!
150869,POSITIVE,trust,easy to reload,very easy to reload
151459,NEGATIVE,surprise,Restaurant would not honor gift card,"Sent a $100 gift card as a Christmas Gift to family members who live in Myrtle Beach SC. The restaurant would not honor the gift card, told my family members that the restaurant was a franchise and that they could not use the GC there. I thought most large restaurants like that were franchises?? Why would they not honor one of their own GC?"
151020,NEGATIVE,surprise,Did not work,"I ordered what I thought was an actual, physical gift card for a friend. All she got was a printed piece of paper with the catfish number. When she tried to use it, it said invalid number. They asked for a claim code which we never got. Thankful for Amazon for refunding me."
27483,NEGATIVE,disgust,Glitter is all over the card!,Black glitter is all over the bag… will never order this again.
109711,NEUTRAL,neutral,they will purchase good tacos. The gift cards are very plain,I will give these as gifts. they will purchase good tacos. The gift cards are very plain.
142551,POSITIVE,trust,Convenient,"The reload was immediately deposited in my account and I used it right away to place an order. It paid for what I ordered, and added $5.00 to my account."
57117,POSITIVE,joy,Five Stars,Got this at a steal of a price
127956,NEUTRAL,neutral,Not so good nor bad,It’s an okay looking run box. Didn’t like the way it arrived just in a thin plastic. I have ordered a few amazon gift cards and always loved their gift box quality and presentation. Anyhow it’s just a gift card and serves the purpose but could order other options.
52590,POSITIVE,joy,So easy to use,nothing to dislike. and when you do order something it feels like its free. (I know its not) but the feeling is great.
97543,POSITIVE,joy,Cute gift box,Cute gift box!
137247,POSITIVE,neutral,Cool,Nice
57405,NEGATIVE,disgust,Terrible Condition,"Holiday boxes for gift cards are bent, torn, dented, and broken. I purchased 6 gift cards with 6 holiday boxes. Only 1 box is worthy of gifting. The rest are destroyed beyond repair and definitely not in a condition to give anyone."
126532,NEGATIVE,anger,The $150 gift card only came with a $30 balance.,Someone either diverted funds from this card or placed the wrong card in the gift box!!!
114110,NEGATIVE,surprise,No balance after paying for it,I paid for this gift card and received it with no balance on it.
9511,NEGATIVE,anger,Ridiculous it took 5 business days to get an Amazon ...,Ridiculous it took 5 business days to get an Amazon gift card for a prime customer. Will never order again.
111838,NEGATIVE,anger,Received late and ZERO balance on card,Arrived days later than the guaranteed date and when I finally received it- no value on the card. ZERO balance.
124684,NEGATIVE,anger,SCAM - DO NOT PURCHASE!!,"Card arrived with NO PIN on it, completely unusable!"
72302,NEGATIVE,disgust,Card looks used,"The box is beautiful but the actual gift card is flimsy (paper) and is bent and has a crease in it. It almost looks like it has been used. This is a gift so I hate that it looks like I am ""re-gifting"" a card someone gave me! I just got it delivered a few minutes ago."
115831,POSITIVE,trust,Five Stars,easy to use
33047,NEGATIVE,sadness,Unusable,"I added money on Friday, the money left my account t instantly. It’s is now Monday and still “pending”! Now I read we no longer get 2% back. What is the point of having this? Will not be reloading, hopefully my added money will be released and I can be done with this mess. So disappointed."
35267,POSITIVE,trust,Easy to use,Easy to gift or load onto an account.
24609,NEGATIVE,anger,Don't stand behind,I bought these and they don't stand behind them
114052,NEGATIVE,surprise,No money,I bought it for my sister she said nothing is on the card when it's supposed to be 30 on it
27673,POSITIVE,joy,Perfect,Arrived on time. Was the perfect gift.
97535,NEUTRAL,neutral,Delivered as promised,Delivered as promised. I just wish I did not have to pay a fee for the card.
81429,POSITIVE,trust,Easy Process,Very easy process. Best way to utilize prepaid cards.
101469,NEGATIVE,anger,Where should I start???,"When I first got Amazon I loved it! When I needed assistance assistance was available. Now I’m having a hell of a time finding where to even contact someone. Let alone edit my recent transactions. This is downright infuriating. The fact I am even writing this speaks volumes. Please Amazon, either fix your “fixes” or go back to original. Because, the people don’t want to ditch you for something else. But if it’s easier to just go to the store than get online then that’s exactly what’ll happen. Fix it?!? Thank you in advance."
77363,NEUTRAL,neutral,Tokay😊,"Help not sure how to use it,"
35516,POSITIVE,trust,GREAT ! for gifting and paying for preorders in advance,GREAT ! for gifting and paying for preorders in advance. That way they are not debiting my account months later for items I purchased. Nice gift because you can send via email and have within moments.
111054,POSITIVE,trust,"Simple, easy and quick","A suitable, satisfactory way to make a gift"
100741,POSITIVE,joy,"great product, great packaging","Very speedy delivery, great product, great packaging, great experience! Thank you!"
7460,NEGATIVE,anger,Not User Friendly When A Previous Gift Card Balance Is Exhausted,"Had some problems with using other loaded cards to pay off additional balance when Amazon credit card ran out. I had to cancel a previous order, and reorder get one less product. It needs a better way to allow the purchase to continue when one gift card runs out and another is needed."
74226,POSITIVE,trust,Rápida,Es rapida la recarga para comprar
135573,NEGATIVE,surprise,This gift was well over a month LATE. This is one of the most embarrassing gifting moments ever! Thx,This gift was delivered an entire month LATE! This has been one of the most embarrassing gifting moments ever. This has never happened to me before w/Amazon and i am really really surprised. I will be hard-pressed to ever order another gift card through the app ever again. Very very disappointing and embarrassing to say the least.
112217,NEGATIVE,anger,This is a rip off and no answers.,The money I put on the card was already used up I call to place a claim and followed all the steps through that process . I WOULD LIKE MY MONEY BACK$100.
129770,POSITIVE,joy,This is a great gift,My best friend loves reading so I bought her this gift card for Christmas so she can buy books for her kindle! It came in the next day and the card is super cute!
114006,POSITIVE,trust,Great for sending a gift especially overseas,Sending a gift overseas
138470,POSITIVE,joy,Great item!!,Received it really fast! Loved that it came with a card and envelope. Totally would order this item again. Great buy anytime!
142307,POSITIVE,joy,Happiness in a bundle,Greatest thing ever
86200,NEGATIVE,anger,DO NOT USE THIS-TOTAL SCAM!,Horribly-late on delivery and was not a real itunes card but rather a code typed on paper. My godson tried to upload funds and it said invalid.
3168,POSITIVE,joy,Great deal!,Great deal!
57427,NEUTRAL,sadness,"pretty, but came damaged","I bought this to give a gift card to my mother for Mothers Day (because of the pandemic, I did not want to send her out into a store at this time to use a gift card, and the stores I wanted to get something from, are not open). This came and while it is pretty, the top of it got bent during shipping, so it looks like I folded it over in half, then reopened it again. I am disappointed, but will give it to her anyway because ultimately, it is the gift card that is the gift. I wish I had gone with the gift box instead."
116716,NEGATIVE,anger,Card was bogus,My brother just tried to use the card I gave him for Xmas and informed me it was bogus didn’t work no good. Would appreciate a credit to my account.
54074,POSITIVE,trust,Extremely Convienent,"The Amazon gift card balance reload feature is extremely convenient. If I ever need to spend a bit of money on a card, or reload my gift balance, i can do it with only a few clicks. It also lets you set up auto-reloads. Amazon processes it quickly so you're never waiting long for your balance to update. I just wish it had lower minimums."
13574,NEUTRAL,neutral,Hey! it's a gift card,Hey! it's a gift card
78289,NEGATIVE,surprise,Left off gift message.,Cute tin but DID NOT come with the gift message that I wrote out. 🤨
149846,POSITIVE,trust,Buen servicio,Excelente servicio al cliente.
55077,NEGATIVE,anger,I paid 200.00 for this gift card and it only had less than 5.00 on it.,I paid 200.00 for this gift card and my friend said she could only use it one time for less than 5.00. Would not work after this transaction. Please advise.
95236,NEGATIVE,sadness,By pass,"didn't allow me to reload multiple small amount gift cards, so i was highly disappointed."
25477,NEGATIVE,anger,Card had already been emptied when received,This card had been used & had no money left when it was opened- arrived - in package- with $0.00!! Apparently - this has happened before too!!!
130407,NEUTRAL,neutral,It worked. No problems.,It worked a solid expected. Nothing about it to make me think that it exceeded my expectations so three stars it is. Maybe offer more increments?
149744,POSITIVE,trust,Quick and easy,Liked the product
44859,NEGATIVE,anger,One Star,"Not redeemable on existing family account. No returns, no support from amazon or Spotify. Avoid."
111315,NEGATIVE,anger,Not in favor of fees,Did not like the 5.95 fee
89478,NEGATIVE,surprise,Gift card,Doesn't show amount
69099,POSITIVE,joy,$10 bonus!,$10 bonus great!
131941,POSITIVE,joy,Received fast and excellent condition,"I rated this high because ordering this gift card with the matching greeting card exceeded my expectations. Next day delivery,,, excellent condition... top quality... and when I gave this as a 'secret santa' gift at work, people raved. In the future I will purchase this type of gift card from Amazon.com. Very happy customer!"
45943,POSITIVE,joy,Beautiful gift box,I purchased the gift card for my grand daughter. Her mom keeps the card and the daughter play with the box :)
84009,POSITIVE,trust,How it works,The card seemed to work well
2260,NEGATIVE,surprise,Never got my $12.590 bonus,They advertised $12.50 bonus when getting a $50 GC. Where is it?
127949,NEUTRAL,neutral,Cute but not te best,"It's super adorable for a wedding gift! But there is no dollar amount and no place to enter anywhere on the card, or box. I think it could be better, but still really beautiful gift."
148253,NEUTRAL,neutral,An included gift card would be nice.,Unfortunately the person who received the gift had no idea who sent it to him. An included gift card would be nice. Leonard
119111,NEGATIVE,anger,Slow !!!,"Takes too long to reload funds from a gift card (Amex, Visa, Master Card) or other source than an Amazon gift card. Took me a few hours to add funds and confirm it from 6 different gift cards. Website says 5 minutes."
90118,NEGATIVE,sadness,"Gift message was not left with package, my brother had no idea who it was from, very disappointing.",Should have given the gift message with the gift card so my brother knew who it was from.
122233,NEGATIVE,fear,Card,"I put $50 on a card, thinking I had purchased one, never got a card. Don’t know what happened to the $50. And now your asking me to purchase again. Somebody help me."
98402,NEGATIVE,neutral,wont do that again,accidently bought this and i really didnt need it
25306,POSITIVE,joy,Great Christmas gift,I was so pleased to get my first Amazon gift card and I used it to buy books for my Kindle. So happy.....great gift.
78522,NEGATIVE,anger,No $100 cards available!,If this could be rated a zero I would! It does not allow the option of a $100 amount!
125453,NEGATIVE,disgust,Big Box - Little Cards,Came in a full box with nothing but 3 cards and air bags. Waste of shipping material when an envelope would have been fine.
136913,POSITIVE,neutral,Good plan,Good
150552,NEGATIVE,surprise,"i have just reloaded my gift card for 300dollar, ...","i have just reloaded my gift card for 300dollar, it's an hour past, but the gift card balance is still zero. why?"
17225,POSITIVE,joy,Easy gift giving.,Wonderful gift!
99780,POSITIVE,joy,Super comfortable and easy!!!,"Very easy and simple to use!!! After the purchase, I received a confirmation in the mail in a matter of minutes! Amazon you are awesome!"
101134,NEGATIVE,disgust,One Star,Cafe is soft and can rip
144612,NEGATIVE,anger,Doesn’t work,0 balance went online and called no balance so that sucks returning it
32736,NEGATIVE,disgust,There is nothing wrong about this giftcard to review. ...,There is nothing wrong about this giftcard to review. But I kept a message in the Gift options and it was not sent along with the gift card!
148056,NEGATIVE,anger,card not valid to be use,unfortunately this card can not be used nor redeem. card Nbr -1190030001008055 - everytime it shows as a used card- this card has not been used at all and needs to get a credit of the amount paid
117846,NEGATIVE,anger,worst green green I have ever had,"The products are awful, worst green green I have ever had, Not impressed by anything else either, do not waste your money. I would send all of the products back, but I am sure I would just get credit for a future purchase. I will never order from them again. Just terrible"
126703,NEGATIVE,fear,susceptible to theft,never arrived to my destination I am out all the money!
10372,POSITIVE,trust,Five Stars,Gave as a gift. Works as far as I know.
73838,POSITIVE,joy,Awesome 👍 savings,"Saving of few dollars, why wouldn't I give 5 🌟"
106973,NEGATIVE,disgust,One Star,The pop up gift box was defective.
58238,NEGATIVE,fear,"cute idea, but mine came damaged","Its a gift card... nuff said, but this one was really cute with the pull out feature and the penguins... too bad mine came all banged up. It was clearly removed from its package and then it was re-glued on, so it would get stuck when you would try and slide it out, which begs the question, does it have the actual dollar amount on it. While the packaging was really cute, because it came damaged it made me uncomfortable to give as a gift, but I didn't have time to repurchase it, so hopefully it works."
124998,NEUTRAL,neutral,No esta mal,"No esta mal la compra de saldo amazon, pero no hay promociones ni por comprar 250$ deberian de poner alguna promocion, porque si voy a meter el mismo dinero, prefiero pagar con tarjeta."
135587,POSITIVE,trust,Easy,It was easy to use and set up.
138113,NEUTRAL,neutral,Card didn't work,"After I ordered a gift card as a present for someone, it wasn't until after I had already given it to them that I found out the card was never activated. I got a refund, but it was just an annoying situation."
152019,NEUTRAL,neutral,Three Stars,fine
121570,NEGATIVE,sadness,Two Stars,It has never made to the place . Please chance the card .
79003,NEUTRAL,neutral,Three Stars,gave as a gift
105046,POSITIVE,trust,Will buy again,Perfect gift to anyone.
81988,POSITIVE,joy,Loved the perk of the $10 for first time reload ...,Loved the perk of the $10 for first time reload of $100. To some people $10 is not a lot but that $10 more than I had.
140481,NEGATIVE,disgust,Not a Gift CARD,"This is more like a bookmark, not a gift card. I purchased it with the intent of gifting it, but it does not fit in most envelopes in which you would attach a card to. Eventually, I had to get rid of the envelope, and just give this bookmark as a gift."
87314,NEUTRAL,neutral,Only for Amazon nothing else,Not able to change
147973,NEUTRAL,neutral,Duh,It is what it is
60269,NEUTRAL,fear,Cute but receipt is short,The tags are cute but the receipt only accounts for 35 of the 43 cards ordered. The cards are there but the receipt list is incomplete. I hope they will all work since it’s a gift for my team.
8844,POSITIVE,joy,Five Stars,Great idea for college age girls for Christmas. So nice to be able to order from Amazon
109835,NEGATIVE,disgust,It wasn't like the one on this page,I wasn't impressed with the tin. It wasn't like the one on this page. Get candy crush jelly saga.
116759,NEGATIVE,anger,What a Complete SNAFU,"This card, a gift, arrived with no money loaded. Neither Amazon nor Mastercard would resolve/refund. So, if you need to throw away $29, then, certainly, this card is for you!"
114220,NEGATIVE,surprise,No Message,Although I typed in a message and checked the This Is A Gift box there was no message on the package or card. Good thing I had it sent to myself and not to the end user or they would never have known I sent them a birthday gift card
27898,NEUTRAL,neutral,Flimsy,"These were not well put together, but for the price, I probably shouldn't complain."
